{
    "tenure": {
        "mean": 32.4342799188641,
        "std": 24.47900300025992,
        "min": 0.0,
        "max": 72.0,
        "p25": 9.0,
        "p50": 29.0,
        "p75": 55.0
    },
    "MonthlyCharges": {
        "mean": 64.79512170385395,
        "std": 30.14124681598338,
        "min": 18.25,
        "max": 118.6,
        "p25": 35.4,
        "p50": 70.4,
        "p75": 89.85
    },
    "TotalCharges": {
        "mean": 2290.947846403901,
        "std": 2265.6796672804694,
        "min": 18.8,
        "max": 8684.8,
        "p25": 402.6625,
        "p50": 1406.775,
        "p75": 3820.6875
    },
    "num_support_tickets": {
        "1": 0.3640973630831643,
        "0": 0.3105476673427992,
        "2": 0.21744421906693712,
        "3": 0.08012170385395538,
        "4": 0.0204868154158215,
        "5": 0.0058823529411764705,
        "6": 0.0010141987829614604,
        "7": 0.00040567951318458417
    }
}