{
    "tenure": {
        "mean": 32.38880028353712,
        "std": 24.57115693878727,
        "min": 0.0,
        "max": 90.0,
        "p25": 9.0,
        "p50": 29.0,
        "p75": 56.0
    },
    "MonthlyCharges": {
        "mean": 65.06124401913877,
        "std": 30.251912716098637,
        "min": 18.25,
        "max": 118.75,
        "p25": 35.5,
        "p50": 70.55,
        "p75": 90.15
    },
    "TotalCharges": {
        "mean": 2303.586960766909,
        "std": 2284.0932082048917,
        "min": 18.8,
        "max": 8684.8,
        "p25": 402.6,
        "p50": 1398.6,
        "p75": 3851.45
    },
    "num_support_tickets": {
        "1": 0.35619351408825095,
        "0": 0.31029594187488924,
        "2": 0.20822257664362928,
        "3": 0.08789650894914053,
        "4": 0.029948608895977318,
        "5": 0.005493531809321283,
        "6": 0.001417685628211944,
        "14": 0.000177210703526493,
        "21": 0.000177210703526493,
        "7": 0.000177210703526493
    }
}