{
    "tenure": {
        "mean": 32.38880028353712,
        "std": 24.57115693878727,
        "min": 0.0,
        "max": 90.0,
        "p25": 9.0,
        "p50": 29.0,
        "p75": 56.0
    },
    "MonthlyCharges": {
        "mean": 65.06124401913877,
        "std": 30.251912716098637,
        "min": 18.25,
        "max": 118.75,
        "p25": 35.5,
        "p50": 70.55,
        "p75": 90.15
    },
    "TotalCharges": {
        "mean": 2303.586960766909,
        "std": 2284.0932082048917,
        "min": 18.8,
        "max": 8684.8,
        "p25": 402.6,
        "p50": 1398.6,
        "p75": 3851.45
    },
    "num_support_tickets": {
        "1": 0.36080099237993973,
        "0": 0.30178982810561755,
        "2": 0.2151337940811625,
        "3": 0.08913698387382597,
        "4": 0.025341130604288498,
        "5": 0.005670742512847776,
        "6": 0.001594896331738437,
        "14": 0.000177210703526493,
        "21": 0.000177210703526493,
        "7": 0.000177210703526493
    }
}